{
    "num_boxes": 24,
    "height": 515,
    "width": 404,
    "patches": [
        {
            "nom": "花悭輸𧺀柳𪬡歛撑",
            "modern": "hoa ghen thua thắm liễu hờn kém xanh",
            "points": "366,247,396,247,396,507,366,507",
            "height": 259,
            "width": 30
        },
        {
            "nom": "灡秋水濕春山",
            "modern": "làn thu thuỷ thấp xuân sơn",
            "points": "366,8,396,8,396,199,366,199",
            "height": 190,
            "width": 30
        },
        {
            "nom": "󰜋堆迎渃迎城",
            "modern": "một đôi nghiêng nước nghiêng thành",
            "points": "334,10,363,10,363,204,334,204",
            "height": 193,
            "width": 29
        },
        {
            "nom": "色停隊没才停和𠄩",
            "modern": "sắc đừng đòi một tài đành hoà hai",
            "points": "333,248,361,248,361,504,333,504",
            "height": 256,
            "width": 27
        },
        {
            "nom": "坡芸詩畫𨇜味𰙔吟",
            "modern": "pha nghề thi hoạ đủ mùi ca ngâm",
            "points": "301,247,333,247,333,508,301,508",
            "height": 260,
            "width": 32
        },
        {
            "nom": "𦖻明本産性𡗶",
            "modern": "tai minh vốn sẵn tính trời",
            "points": "300,12,329,12,329,203,300,203",
            "height": 190,
            "width": 29
        },
        {
            "nom": "芸𥢆咹坦胡琹没張",
            "modern": "nghề riêng ăn đứt hồ cầm một trương",
            "points": "268,246,300,246,300,507,268,507",
            "height": 260,
            "width": 32
        },
        {
            "nom": "宮商漏堛五音",
            "modern": "cung thương làu bậc ngũ âm",
            "points": "268,11,298,11,298,203,268,203",
            "height": 191,
            "width": 30
        },
        {
            "nom": "没篇薄命吏強󰞽人",
            "modern": "một thiên bạc mệnh lại càng não nhân",
            "points": "236,247,266,247,266,506,236,506",
            "height": 258,
            "width": 30
        },
        {
            "nom": "曲茄𢬣捛𢧚章",
            "modern": "khúc nhà tay lựa nên chương",
            "points": "234,11,264,11,264,203,234,203",
            "height": 191,
            "width": 30
        },
        {
            "nom": "春撑執齒細旬及筓",
            "modern": "xuân xanh xấp xỉ tới tuần cập kê",
            "points": "202,246,232,246,232,506,202,506",
            "height": 259,
            "width": 30
        },
        {
            "nom": "風流窒墨紅裙",
            "modern": "phong lưu rất mực hồng quần",
            "points": "201,13,232,13,232,203,201,203",
            "height": 190,
            "width": 31
        },
        {
            "nom": "㤿𧛋帳𢷀幔𩂏",
            "modern": "êm đềm trướng rủ màn che",
            "points": "169,10,201,10,201,204,169,204",
            "height": 193,
            "width": 32
        },
        {
            "nom": "𪵟東蜂𧊉𠫾𧗱默埃",
            "modern": "mày đông ong bướm đi về mặc ai",
            "points": "169,246,197,246,197,506,169,506",
            "height": 259,
            "width": 27
        },
        {
            "nom": "韶光𠃩𨑮㐌外𦒹𨑮",
            "modern": "thiều quang chín mươi đã ngoài sáu mươi",
            "points": "137,246,167,246,167,505,137,505",
            "height": 258,
            "width": 30
        },
        {
            "nom": "節皮𡥵燕迻梭",
            "modern": "tiết vừa con én đưa thoi",
            "points": "137,11,165,11,165,202,137,202",
            "height": 190,
            "width": 27
        },
        {
            "nom": "梗梨𤽸點󰜋𢽼󱖮花",
            "modern": "cành lê trắng điểm một vài bông hoa",
            "points": "103,247,133,247,133,506,103,506",
            "height": 258,
            "width": 30
        },
        {
            "nom": "𦹵𡽫撑羡蹎𡗶",
            "modern": "cỏ non xanh tận chân trời",
            "points": "104,12,132,12,132,200,104,200",
            "height": 188,
            "width": 27
        },
        {
            "nom": "清明𥪞節𣎃𠀧",
            "modern": "thanh minh trong tiết tháng ba",
            "points": "72,11,102,11,102,202,72,202",
            "height": 190,
            "width": 30
        },
        {
            "nom": "礼󰑼料墓噲󰑼𨃴清",
            "modern": "lễ là liệu mộ gọi là gót thanh",
            "points": "70,247,101,247,101,506,70,506",
            "height": 258,
            "width": 31
        },
        {
            "nom": "𧵆賒奴㘃燕󰞿",
            "modern": "gần xa nô nức yến anh",
            "points": "38,13,70,13,70,202,38,202",
            "height": 189,
            "width": 32
        },
        {
            "nom": "姉㛪懺所步行制春",
            "modern": "chị em sắm sửa bộ hành chơi xuân",
            "points": "37,245,66,245,66,506,37,506",
            "height": 260,
            "width": 29
        },
        {
            "nom": "習耀才子佳人",
            "modern": "dập dìu tài tử giai nhân",
            "points": "6,13,35,13,35,198,6,198",
            "height": 184,
            "width": 29
        },
        {
            "nom": "歇車如渃傑裙如補",
            "modern": "hết xe như nước kiệt quần như bổ",
            "points": "4,242,32,242,32,504,4,504",
            "height": 261,
            "width": 27
        }
    ]
}