{
    "num_boxes": 24,
    "height": 514,
    "width": 395,
    "patches": [
        {
            "nom": "𡦂才𡦂命窖󰑼恄饒",
            "modern": "chữ tài chữ mệnh khéo là ghét nhau",
            "points": "364,239,391,239,391,502,364,502",
            "height": "263",
            "width": "26"
        },
        {
            "nom": "𤾓𢆥𥪞揆𠊛些",
            "modern": "trăm năm trong cõi người ta",
            "points": "359,8,387,8,387,195,359,195",
            "height": "186",
            "width": "28"
        },
        {
            "nom": "仍調𬖉𧡊㐌𤴬疸𢚸",
            "modern": "những điều trông thấy đã đau đớn lòng",
            "points": "330,241,357,241,357,500,330,500",
            "height": "258",
            "width": "26"
        },
        {
            "nom": "𣦆戈没局𣷭橷",
            "modern": "trải qua một cuộc bể dâu",
            "points": "326,6,354,6,354,195,326,195",
            "height": "189",
            "width": "28"
        },
        {
            "nom": "𡗶撑涓貝𦟐紅打㭴",
            "modern": "trời xanh quen với má hồng đánh 㭴",
            "points": "297,242,326,242,326,500,297,500",
            "height": "258",
            "width": "28"
        },
        {
            "nom": "𨔍之彼嗇斯豊",
            "modern": "lạ gì bỉ sắc tư phong",
            "points": "294,7,321,7,321,195,294,195",
            "height": "187",
            "width": "26"
        },
        {
            "nom": "風情固錄群傳史撑",
            "modern": "phong tình có lục còn truyền sử xanh",
            "points": "264,243,290,243,290,502,264,502",
            "height": "258",
            "width": "26"
        },
        {
            "nom": "稿𦹳吝󰇾𠓀畑",
            "modern": "cảo thơm lần giở trước đèn",
            "points": "262,6,289,6,289,193,262,193",
            "height": "186",
            "width": "26"
        },
        {
            "nom": "𦊚方𪹚𣼽𠄩京凭鐄",
            "modern": "bốn phương bừng lặng hai kinh vững vàng",
            "points": "231,240,259,240,259,504,231,504",
            "height": "263",
            "width": "28"
        },
        {
            "nom": "浪𢆥妬靖朝明",
            "modern": "rằng năm đó tĩnh triều minh",
            "points": "229,7,256,7,256,197,229,197",
            "height": "189",
            "width": "26"
        },
        {
            "nom": "固茹員外户王",
            "modern": "có nhà viên ngoại họ vương",
            "points": "198,7,225,7,225,190,198,190",
            "height": "182",
            "width": "26"
        },
        {
            "nom": "家資擬拱常侵堛中",
            "modern": "gia tư nghĩ cũng thường xâm bậc trung",
            "points": "199,240,224,240,224,502,199,502",
            "height": "261",
            "width": "24"
        },
        {
            "nom": "没𤳆𡥵次卒𢚸",
            "modern": "một trai con thứ tốt lòng",
            "points": "165,7,193,7,193,195,165,195",
            "height": "187",
            "width": "28"
        },
        {
            "nom": "王󰞹󰑼𡦂綏𣳔儒家",
            "modern": "vương quan là chữ nối dòng nho gia",
            "points": "166,242,192,242,192,503,166,503",
            "height": "260",
            "width": "26"
        },
        {
            "nom": "頭𢚸𠄩妸素娥",
            "modern": "đầu lòng hai ả tố nga",
            "points": "132,6,163,6,163,194,132,194",
            "height": "187",
            "width": "31"
        },
        {
            "nom": "翠翹󰑼姉㛪󰑼翠雲",
            "modern": "thuý kiều là chị em là thuý vân",
            "points": "134,241,159,241,159,502,134,502",
            "height": "260",
            "width": "24"
        },
        {
            "nom": "没𠊛没𨤔𨑮分院𨑮",
            "modern": "một người một vẻ mười phân vẹn mười",
            "points": "100,242,129,242,129,499,100,499",
            "height": "257",
            "width": "28"
        },
        {
            "nom": "枚骨格雪精神",
            "modern": "mai cốt cách tuyết tinh thần",
            "points": "99,6,128,6,128,195,99,195",
            "height": "189",
            "width": "28"
        },
        {
            "nom": "囷𦝄苔惮󰞺𧍋𦬑囊",
            "modern": "khuôn trăng đầy đặn nét ngài nở nang",
            "points": "69,240,97,240,97,507,69,507",
            "height": "266",
            "width": "28"
        },
        {
            "nom": "雲󰏙莊重恪潙",
            "modern": "vân xem trang trọng khác vời",
            "points": "65,5,93,5,93,196,65,196",
            "height": "191",
            "width": "28"
        },
        {
            "nom": "𩄲輸渃𩯀雪讓牟䏧",
            "modern": "mây thua nước tóc tuyết nhường màu da",
            "points": "37,240,66,240,66,504,37,504",
            "height": "263",
            "width": "28"
        },
        {
            "nom": "花唭玉説端莊",
            "modern": "hoa cười ngọc thốt đoan trang",
            "points": "34,6,62,6,62,195,34,195",
            "height": "189",
            "width": "28"
        },
        {
            "nom": "搊皮才色吏󰑼分欣",
            "modern": "so bề tài sắc lại là phần hơn",
            "points": "4,240,31,240,31,502,4,502",
            "height": "261",
            "width": "26"
        },
        {
            "nom": "翹強色稍漫𣻕",
            "modern": "kiều càng sắc sảo mặn mà",
            "points": "3,6,28,6,28,195,3,195",
            "height": "189",
            "width": "24"
        }
    ]
}